test_set,event,jobs,GA_makespan,GA_seconds,GNN_old_raw,GNN_old_plus_LS,GNN_old_seconds,GNN_new_raw,GNN_new_plus_LS,GNN_new_seconds
60 (held-out),950,60,436.0,6.489,580.0,560.0,0.419,596.0,464.0,0.408
60 (held-out),951,60,494.0,6.917,627.0,544.0,0.420,551.0,487.0,0.392
60 (held-out),952,60,499.0,6.715,666.0,534.0,0.408,612.0,549.0,0.414
60 (held-out),953,60,523.0,6.555,592.0,505.0,0.454,580.0,562.0,0.414
60 (held-out),954,60,490.0,6.867,674.0,519.0,0.517,587.0,530.0,0.386
60 (held-out),955,60,502.0,6.428,579.0,481.0,0.390,605.0,513.0,0.383
60 (held-out),956,60,442.0,6.547,577.0,526.0,0.479,586.0,531.0,0.399
60 (held-out),957,60,454.0,6.602,559.0,509.0,0.412,546.0,472.0,0.398
60 (held-out),958,60,423.0,6.393,583.0,442.0,0.394,507.0,461.0,0.411
60 (held-out),959,60,487.0,6.576,621.0,434.0,0.420,529.0,453.0,0.374
60 (held-out),960,60,546.0,6.828,616.0,605.0,0.443,539.0,489.0,0.397
60 (held-out),961,60,531.0,6.978,648.0,506.0,0.461,579.0,608.0,0.429
60 (held-out),962,60,452.0,6.507,558.0,414.0,0.453,543.0,483.0,0.421
60 (held-out),963,60,492.0,6.615,644.0,511.0,0.470,677.0,511.0,0.402
60 (held-out),964,60,453.0,6.469,631.0,480.0,0.395,538.0,499.0,0.400
60 (held-out),965,60,412.0,6.541,622.0,469.0,0.401,534.0,445.0,0.386
60 (held-out),966,60,486.0,6.683,621.0,492.0,0.399,530.0,516.0,0.401
60 (held-out),967,60,474.0,6.439,577.0,534.0,0.427,569.0,535.0,0.395
60 (held-out),968,60,465.0,6.515,606.0,607.0,0.418,576.0,481.0,0.379
60 (held-out),969,60,525.0,6.597,610.0,492.0,0.477,656.0,464.0,0.422
60 (held-out),970,60,625.0,6.798,624.0,644.0,0.418,581.0,503.0,0.413
60 (held-out),971,60,548.0,6.528,576.0,584.0,0.392,554.0,492.0,0.406
60 (held-out),972,60,611.0,6.551,621.0,515.0,0.417,655.0,519.0,0.420
60 (held-out),973,60,468.0,6.398,595.0,450.0,0.402,555.0,535.0,0.435
60 (held-out),974,60,498.0,6.773,654.0,531.0,0.467,584.0,527.0,0.406
60 (held-out),975,60,561.0,6.657,658.0,594.0,0.421,656.0,514.0,0.403
60 (held-out),976,60,550.0,6.615,588.0,548.0,0.435,593.0,513.0,0.422
60 (held-out),977,60,411.0,6.555,515.0,442.0,0.418,531.0,444.0,0.398
60 (held-out),978,60,473.0,6.581,626.0,506.0,0.429,572.0,563.0,0.412
60 (held-out),979,60,614.0,6.660,585.0,540.0,0.432,539.0,484.0,0.400
60 (held-out),980,60,496.0,6.635,618.0,538.0,0.431,564.0,484.0,0.383
60 (held-out),981,60,548.0,6.448,614.0,702.0,0.439,621.0,505.0,0.407
60 (held-out),982,60,592.0,6.630,808.0,740.0,0.452,690.0,567.0,0.393
60 (held-out),983,60,604.0,6.777,591.0,494.0,0.399,602.0,501.0,0.408
60 (held-out),984,60,528.0,6.540,636.0,559.0,0.404,690.0,537.0,0.413
60 (held-out),985,60,463.0,6.765,612.0,596.0,0.441,584.0,495.0,0.415
60 (held-out),986,60,511.0,6.554,722.0,493.0,0.408,538.0,509.0,0.395
60 (held-out),987,60,506.0,6.374,664.0,542.0,0.411,628.0,602.0,0.460
60 (held-out),988,60,433.0,6.541,502.0,450.0,0.404,516.0,477.0,0.407
60 (held-out),989,60,421.0,6.686,591.0,531.0,0.442,539.0,441.0,0.401
60 (held-out),990,60,534.0,6.705,591.0,447.0,0.426,566.0,459.0,0.401
60 (held-out),991,60,534.0,6.453,641.0,570.0,0.465,582.0,537.0,0.406
60 (held-out),992,60,456.0,6.515,609.0,487.0,0.420,521.0,502.0,0.387
60 (held-out),993,60,453.0,6.650,597.0,484.0,0.476,569.0,463.0,0.390
60 (held-out),994,60,667.0,6.695,721.0,522.0,0.466,585.0,568.0,0.402
60 (held-out),995,60,424.0,6.621,548.0,464.0,0.438,475.0,455.0,0.393
60 (held-out),996,60,455.0,6.612,634.0,454.0,0.428,562.0,539.0,0.398
60 (held-out),997,60,452.0,6.477,612.0,467.0,0.384,553.0,479.0,0.372
60 (held-out),998,60,635.0,6.584,654.0,546.0,0.425,660.0,575.0,0.389
60 (held-out),999,60,495.0,6.320,639.0,505.0,0.413,568.0,551.0,0.425
10,0,10,75.0,1.477,115.0,112.0,0.098,124.0,93.0,0.054
10,1,10,93.0,1.382,119.0,101.0,0.074,117.0,104.0,0.059
10,2,10,112.0,1.412,162.0,103.0,0.089,136.0,105.0,0.070
10,3,10,84.0,1.418,165.0,104.0,0.066,143.0,157.0,0.088
10,4,10,85.0,1.386,98.0,81.0,0.057,113.0,108.0,0.075
10,5,10,65.0,1.365,123.0,81.0,0.092,167.0,86.0,0.073
10,6,10,67.0,1.411,101.0,78.0,0.073,123.0,87.0,0.073
10,7,10,77.0,1.360,126.0,95.0,0.092,136.0,90.0,0.057
10,8,10,73.0,1.394,107.0,91.0,0.064,103.0,78.0,0.068
10,9,10,70.0,1.376,98.0,79.0,0.073,132.0,110.0,0.072
20,0,20,149.0,2.403,179.0,124.0,0.122,157.0,159.0,0.130
20,1,20,176.0,2.452,232.0,169.0,0.154,197.0,160.0,0.124
20,2,20,166.0,2.305,227.0,173.0,0.116,212.0,231.0,0.120
20,3,20,169.0,2.425,256.0,192.0,0.129,257.0,199.0,0.145
20,4,20,171.0,2.335,245.0,176.0,0.130,213.0,210.0,0.125
20,5,20,169.0,2.435,231.0,203.0,0.133,243.0,186.0,0.127
20,6,20,166.0,2.450,237.0,226.0,0.131,201.0,159.0,0.116
20,7,20,151.0,2.394,220.0,153.0,0.128,201.0,172.0,0.102
20,8,20,142.0,2.318,216.0,134.0,0.126,188.0,187.0,0.117
20,9,20,145.0,2.252,245.0,167.0,0.127,195.0,167.0,0.124
30,0,30,186.0,3.303,247.0,211.0,0.196,236.0,187.0,0.172
30,1,30,221.0,3.423,286.0,214.0,0.186,310.0,237.0,0.143
30,2,30,249.0,3.331,347.0,274.0,0.184,331.0,249.0,0.188
30,3,30,213.0,3.386,287.0,229.0,0.190,291.0,252.0,0.190
30,4,30,202.0,3.372,253.0,213.0,0.190,297.0,210.0,0.179
30,5,30,262.0,3.361,377.0,267.0,0.191,341.0,279.0,0.171
30,6,30,258.0,3.248,340.0,256.0,0.208,319.0,303.0,0.191
30,7,30,234.0,3.349,354.0,219.0,0.183,262.0,321.0,0.188
30,8,30,217.0,3.303,350.0,218.0,0.184,266.0,260.0,0.192
30,9,30,244.0,3.347,298.0,241.0,0.152,292.0,238.0,0.187
40,0,40,315.0,4.308,417.0,316.0,0.265,440.0,389.0,0.241
40,1,40,286.0,4.315,419.0,325.0,0.264,363.0,303.0,0.232
40,2,40,305.0,4.212,401.0,317.0,0.412,431.0,328.0,0.250
40,3,40,264.0,4.339,464.0,370.0,0.303,342.0,281.0,0.237
40,4,40,296.0,4.346,410.0,313.0,0.259,349.0,313.0,0.250
40,5,40,331.0,4.316,467.0,365.0,0.250,397.0,314.0,0.268
40,6,40,327.0,4.283,432.0,350.0,0.260,413.0,401.0,0.265
40,7,40,308.0,4.376,376.0,315.0,0.260,395.0,317.0,0.261
40,8,40,287.0,4.353,470.0,321.0,0.259,468.0,328.0,0.270
40,9,40,289.0,4.202,400.0,286.0,0.244,398.0,349.0,0.270
50,0,50,398.0,5.446,472.0,393.0,0.312,513.0,408.0,0.339
50,1,50,414.0,5.502,505.0,437.0,0.355,420.0,414.0,0.304
50,2,50,371.0,5.418,544.0,414.0,0.341,460.0,381.0,0.307
50,3,50,376.0,5.554,481.0,359.0,0.305,542.0,373.0,0.334
50,4,50,369.0,5.209,514.0,465.0,0.317,471.0,391.0,0.351
50,5,50,404.0,5.281,461.0,585.0,0.332,461.0,389.0,0.350
50,6,50,449.0,5.471,619.0,485.0,0.340,483.0,540.0,0.310
50,7,50,417.0,5.354,599.0,421.0,0.353,502.0,448.0,0.309
50,8,50,419.0,5.379,525.0,470.0,0.387,478.0,429.0,0.305
50,9,50,401.0,5.404,549.0,461.0,0.378,482.0,436.0,0.342
70,0,70,644.0,7.871,689.0,571.0,0.469,659.0,628.0,0.488
70,1,70,693.0,7.779,653.0,657.0,0.495,689.0,548.0,0.505
70,2,70,542.0,7.915,694.0,603.0,0.501,706.0,585.0,0.503
70,3,70,539.0,7.866,641.0,535.0,0.516,613.0,684.0,0.497
70,4,70,609.0,7.975,731.0,610.0,0.578,693.0,649.0,0.491
70,5,70,723.0,7.667,746.0,576.0,0.487,687.0,586.0,0.485
70,6,70,516.0,8.229,649.0,546.0,0.498,588.0,579.0,0.527
70,7,70,569.0,8.257,774.0,659.0,0.494,672.0,584.0,0.486
70,8,70,554.0,7.829,682.0,579.0,0.491,613.0,569.0,0.482
70,9,70,544.0,7.548,739.0,685.0,0.505,655.0,577.0,0.524
80,0,80,590.0,9.300,725.0,620.0,0.597,719.0,594.0,0.639
80,1,80,661.0,9.267,909.0,845.0,0.601,819.0,741.0,0.604
80,2,80,726.0,9.418,788.0,703.0,0.668,799.0,646.0,0.610
80,3,80,627.0,9.376,741.0,603.0,0.575,704.0,623.0,0.564
80,4,80,670.0,9.098,852.0,817.0,0.608,782.0,682.0,0.576
80,5,80,636.0,9.003,768.0,736.0,0.569,797.0,632.0,0.685
80,6,80,731.0,9.264,818.0,704.0,0.554,710.0,640.0,0.565
80,7,80,670.0,9.097,847.0,674.0,0.605,786.0,728.0,0.607
80,8,80,706.0,9.294,836.0,781.0,0.599,748.0,724.0,0.616
80,9,80,772.0,9.386,883.0,927.0,0.633,790.0,769.0,0.575
